{
  "tableros": [
    {
      "id": 1,
      "nombre": "Editar titulo",
      "descripcion": "Agregar una descripción",
      "tareas": []
    },
    {
      "nombre": "Ingrese un nombre",
      "descripcion": "Ingrese una descripción",
      "id": 2
    },
    {
      "nombre": "Ingrese un nombre",
      "descripcion": "Ingrese una descripción",
      "id": 3
    },
    {
      "nombre": "Ingrese un nombre",
      "descripcion": "Ingrese una descripción",
      "id": 4
    },
    {
      "nombre": "Ingrese un nombre",
      "descripcion": "Ingrese una descripción",
      "id": 5
    },
    {
      "nombre": "Ingrese un nombre",
      "descripcion": "Ingrese una descripción",
      "id": 6
    },
    {
      "nombre": "Ingrese un nombre",
      "descripcion": "Ingrese una descripción",
      "id": 7
    },
    {
      "nombre": "Ingrese un nombre",
      "descripcion": "Ingrese una descripción",
      "id": 8
    }
  ]
}